system,equipment,tagname,anomaly_count,h1_alarm_count,l1_alarm_count
#1 GENERATOR SYSTEM,#1 GENERATOR TRANSFORMER,10BAT01-911,0.0,0,12
#1 GENERATOR SYSTEM,#1 GENERATOR TRANSFORMER,10BAT01-912,0.0,12,0
#1 GENERATOR SYSTEM,#1 GENERATOR TRANSFORMER,10BAT01-913,0.0,12,0
#1 GENERATOR SYSTEM,#1 GENERATOR TRANSFORMER,10BAT01-914,0.0,12,0
#1 GENERATOR SYSTEM,#1 GENERATOR TRANSFORMER,10BAT01-915,0.0,7,5
#1 GENERATOR SYSTEM,#1 GENERATOR TRANSFORMER,10BAT01-916,0.0,0,12
#1 TURBINE SYSTEM,#1 GOVERNOR VALVE L1,10CBA01XQ92,0.0,12,0
#1 TURBINE SYSTEM,#1 GOVERNOR VALVE L1,10CBA01XQ93,0.0,12,0
#1 TURBINE SYSTEM,#1 GOVERNOR VALVE L1,10CBA01XQ95,0.0,12,0
#1 BOILER SYSTEM,#1 LTSH,10HAH21CT901,11.0,0,12
#1 BOILER SYSTEM,#1 LTSH,10HAH22CT901,11.0,0,12
#1 FEED WATER SYSTEM,#1 ELECTRIC FEED WATER PUMP A,10LAC20CT916,0.0,0,12
#1 FEED WATER SYSTEM,#1 HIGH PRESSURE HEATER 1,10LCH10CT901,0.0,12,0
#1 FEED WATER SYSTEM,#1 HIGH PRESSURE HEATER 2,10LCH20CT901,0.0,12,0
#1 CONDENSATE WATER SYSTEM,#1 LOW PRESSURE HEATER 4,10LCJ40CT901,0.0,12,0
#1 CONDENSATE WATER SYSTEM,#1 LOW PRESSURE HEATER 5,10LCJ50CT901,0.0,12,0
#1 CONDENSATE WATER SYSTEM,#1 LOW PRESSURE HEATER 6,10LCJ60CT901,0.0,12,0
#1 CONDENSATE WATER SYSTEM,#1 LOW PRESSURE HEATER 7,10LCJ70CT901,0.0,12,0
#1 GENERATOR SYSTEM,#1 GENERATOR,10MKA01-911,0.0,12,0
#1 GENERATOR SYSTEM,#1 GENERATOR,10MKA01-912,0.0,12,0
#1 GENERATOR SYSTEM,#1 GENERATOR,10MKA01-913,0.0,0,12
#1 GENERATOR SYSTEM,#1 GENERATOR,10MKA20CT801,0.0,12,0
#1 GENERATOR SYSTEM,#1 GENERATOR,10MKA20CT802,0.0,12,0
#1 CIRCULATING WATER SYSTEM,#1 TRAVELING SCREEN A,10PAB11LT901,0.0,12,0
#1 CIRCULATING WATER SYSTEM,#1 TRAVELING SCREEN B,10PAB12LT901,0.0,0,12
#1 TURBINE SYSTEM,#1 CONDENSOR,10PAB30CP902,0.0,12,0
#1 TURBINE SYSTEM,#1 CONDENSOR,10PAB31CP902,0.0,12,0
#1 TURBINE SYSTEM,#1 CONDENSOR,10PAB41CT901,0.0,12,0
#1 CCCW SYSTEM,#1 HE CCCW A,10PGB40CT901,0.0,0,12
#1 LIMESTONE INJECTION SYSTEM,#1 LIMESTONE INJECTION SYSTEM,KALTIM 0.SIGNAL.AI.10BFA07ACE001,0.0,0,12
#1 LIMESTONE INJECTION SYSTEM,#1 LIMESTONE INJECTION SYSTEM,KALTIM 0.SIGNAL.AI.10BFB07ACE001,0.0,0,12
#1 LIMESTONE INJECTION SYSTEM,#1 LIMESTONE INJECTION SYSTEM,KALTIM 0.SIGNAL.AI.10EDD10CP101,0.0,0,12
#1 BOILER SYSTEM,#1 LTSH,KALTIM 0.SIGNAL.AI.10GUA10CQ101,0.0,0,12
#1 BOILER SYSTEM,#1 LTSH,KALTIM 0.SIGNAL.AI.10GUA20CQ103,0.0,0,12
#1 CONDENSATE WATER SYSTEM,#1 DEAERATOR,KALTIM 0.SIGNAL.AI.10GUB10CQ101,0.0,0,12
#1 CONDENSATE WATER SYSTEM,#1 DEAERATOR,KALTIM 0.SIGNAL.AI.10GUB20CQ101,0.0,0,12
#1 BOILER SYSTEM,#1 STEAM DRUM,KALTIM 0.SIGNAL.AI.10GUE10CQ101,0.0,0,12
#1 BOILER SYSTEM,#1 STEAM DRUM,KALTIM 0.SIGNAL.AI.10GUE10CQ102,0.0,0,12
#1 BOILER SYSTEM,#1 STEAM DRUM,KALTIM 0.SIGNAL.AI.10GUE10CQ103,0.0,0,12
#1 COAL FEEDING SYSTEM,#1 COAL BUNKER A,KALTIM 0.SIGNAL.AI.10HFA10CL101,3.0,12,0
#1 COAL FEEDING SYSTEM,#1 COAL BUNKER B,KALTIM 0.SIGNAL.AI.10HFA20CL101,2.0,12,0
#1 COAL FEEDING SYSTEM,#1 COAL BUNKER C,KALTIM 0.SIGNAL.AI.10HFA30CL101,2.0,12,0
#1 COAL FEEDING SYSTEM,#1 COAL BUNKER D,KALTIM 0.SIGNAL.AI.10HFA40CL101,0.0,12,0
#1 COAL FEEDING SYSTEM,#1 COAL BUNKER E,KALTIM 0.SIGNAL.AI.10HFA50CL101,0.0,12,0
#1 COAL FEEDING SYSTEM,#1 COAL BUNKER F,KALTIM 0.SIGNAL.AI.10HFA60CL101,0.0,12,0
#1 FLUE GAS SYSTEM,#1 STACK,KALTIM 0.SIGNAL.AI.10HNA30CQ101,0.0,12,0
#1 FLUE GAS SYSTEM,#1 STACK,KALTIM 0.SIGNAL.AI.10HNA30CQ103,0.0,0,12
#1 FLUE GAS SYSTEM,#1 STACK,KALTIM 0.SIGNAL.AI.10HNA30CQ104,0.0,0,12
#1 FLUE GAS SYSTEM,#1 STACK,KALTIM 0.SIGNAL.AI.10HNA30CQ105,0.0,12,0
#1 FLUE GAS SYSTEM,#1 STACK,KALTIM 0.SIGNAL.AI.10HNA30CQ106,0.0,12,0
#1 FLUE GAS SYSTEM,#1 STACK,KALTIM 0.SIGNAL.AI.10HNA30CT101,0.0,12,0
#1 CIRCULATING WATER SYSTEM,#1 TRASH RACK,KALTIM 0.SIGNAL.AI.10PAB11LT101,0.0,12,0
#1 CIRCULATING WATER SYSTEM,#1 TRASH RACK,KALTIM 0.SIGNAL.AI.10PAB12LT101,0.0,0,12
#1 CIRCULATING WATER SYSTEM,#1 TRAVELING SCREEN A,KALTIM 0.SIGNAL.AI.10PAB21LT102,0.0,0,12
#1 CIRCULATING WATER SYSTEM,#1 TRAVELING SCREEN B,KALTIM 0.SIGNAL.AI.10PAB22LT102,0.0,0,12
#1 CIRCULATING WATER SYSTEM,#1 CIRCULATING WATER PUMP 1A,KALTIM 0.SIGNAL.AI.10PAB41AP001XQ01,0.0,12,0
#1 CIRCULATING WATER SYSTEM,#1 CIRCULATING WATER PUMP 1A,KALTIM 0.SIGNAL.AI.10PAB41CF101,0.0,12,0
#1 CIRCULATING WATER SYSTEM,#1 CIRCULATING WATER PUMP 1A,KALTIM 0.SIGNAL.AI.10PAB41CP111,0.0,12,0
#1 CIRCULATING WATER SYSTEM,#1 CIRCULATING WATER PUMP 1A,KALTIM 0.SIGNAL.AI.10PAB41CY101X,0.0,0,12
#1 CIRCULATING WATER SYSTEM,#1 CIRCULATING WATER PUMP 1A,KALTIM 0.SIGNAL.AI.10PAB41CY101Y,0.0,0,12
#1 CIRCULATING WATER SYSTEM,#1 CIRCULATING WATER PUMP 1B,KALTIM 0.SIGNAL.AI.10PAB42AP001XQ01,0.0,12,0
#1 CIRCULATING WATER SYSTEM,#1 CIRCULATING WATER PUMP 1B,KALTIM 0.SIGNAL.AI.10PAB42CF101,11.0,12,0
#1 CIRCULATING WATER SYSTEM,#1 CIRCULATING WATER PUMP 1B,KALTIM 0.SIGNAL.AI.10PAB42CP111,0.0,12,0
#1 CIRCULATING WATER SYSTEM,#1 CIRCULATING WATER PUMP 1B,KALTIM 0.SIGNAL.AI.10PAB42CT114,11.0,0,0
#1 GENERATOR SYSTEM,#1 GENERATOR TRANSFORMER,KALTIM1.SIGNAL.AI.10BAT01CE001,0.0,12,0
#1 GENERATOR SYSTEM,#1 GENERATOR TRANSFORMER,KALTIM1.SIGNAL.AI.10BAT01CE002,0.0,12,0
#1 GENERATOR SYSTEM,#1 GENERATOR TRANSFORMER,KALTIM1.SIGNAL.AI.10BAT01CE003,0.0,12,0
#1 GENERATOR SYSTEM,#1 GENERATOR TRANSFORMER,KALTIM1.SIGNAL.AI.10BAT01CE007,0.0,12,0
#1 GENERATOR SYSTEM,#1 GENERATOR TRANSFORMER,KALTIM1.SIGNAL.AI.10BAT01CE009,0.0,12,0
#1 GENERATOR SYSTEM,#1 GENERATOR TRANSFORMER,KALTIM1.SIGNAL.AI.10BAT01CE011,0.0,0,12
#1 GENERATOR SYSTEM,#1 GENERATOR TRANSFORMER,KALTIM1.SIGNAL.AI.10BAT01CE012,0.0,12,0
#1 GENERATOR SYSTEM,#1 GENERATOR TRANSFORMER,KALTIM1.SIGNAL.AI.10BAT01CE013,0.0,12,0
#1 POWER TRANSFORMER SYSTEM,#1 UNIT AUXILIARY TRANFORMER,KALTIM1.SIGNAL.AI.10BBT01CE001,0.0,12,0
#1 POWER TRANSFORMER SYSTEM,#1 UNIT AUXILIARY TRANFORMER,KALTIM1.SIGNAL.AI.10BBT01CE002,0.0,12,0
#1 POWER TRANSFORMER SYSTEM,#1 UNIT AUXILIARY TRANFORMER,KALTIM1.SIGNAL.AI.10BBT01CE011,0.0,12,0
#1 POWER TRANSFORMER SYSTEM,#1 UNIT AUXILIARY TRANFORMER,KALTIM1.SIGNAL.AI.10BBT01CE012,0.0,12,0
#1 POWER TRANSFORMER SYSTEM,#1 UNIT AUXILIARY TRANFORMER,KALTIM1.SIGNAL.AI.10BBT01CE013,0.0,12,0
#1 ASH HANDLING SYSTEM,#1 SLAG SILO,KALTIM1.SIGNAL.AI.10EEA10CP101,0.0,12,0
#1 LIMESTONE INJECTION SYSTEM,#1 LIMESTONE INJECTION SYSTEM,KALTIM1.SIGNAL.AI.10EQH10CL101,0.0,12,0
#1 LIMESTONE INJECTION SYSTEM,#1 LIMESTONE INJECTION SYSTEM,KALTIM1.SIGNAL.AI.10EQH10CP101,0.0,0,12
#1 LIMESTONE INJECTION SYSTEM,#1 LIMESTONE INJECTION SYSTEM,KALTIM1.SIGNAL.AI.10EQH10CP102,0.0,0,12
#1 FUEL OIL SYSTEM,#1 FUEL OIL SYSTEM,KALTIM1.SIGNAL.AI.10ERB10CF101,0.0,12,0
#1 FUEL OIL SYSTEM,#1 FUEL OIL SYSTEM,KALTIM1.SIGNAL.AI.10ERB10CP101,0.0,0,12
#1 FUEL OIL SYSTEM,#1 FUEL OIL SYSTEM,KALTIM1.SIGNAL.AI.10ERB10CP102,0.0,12,0
#1 FUEL OIL SYSTEM,#1 FUEL OIL SYSTEM,KALTIM1.SIGNAL.AI.10ERB20CF101,0.0,12,0
#1 ASH HANDLING SYSTEM,#1 SLAG SILO,KALTIM1.SIGNAL.AI.10ETE10CL101,0.0,12,0
#1 ASH HANDLING SYSTEM,#1 SLAG SILO,KALTIM1.SIGNAL.AI.10ETE30CL101,0.0,0,12
#1 BOILER SYSTEM,#1 FURNACE,KALTIM1.SIGNAL.AI.10HBK11CP101,0.0,0,12
#1 BOILER SYSTEM,#1 FURNACE,KALTIM1.SIGNAL.AI.10HBK11CP103,0.0,12,0
#1 BOILER SYSTEM,#1 FURNACE,KALTIM1.SIGNAL.AI.10HBK21CP101,0.0,0,12
#1 BOILER SYSTEM,#1 FURNACE,KALTIM1.SIGNAL.AI.10HBK21CP102,0.0,12,0
#1 BOILER SYSTEM,#1 LTSH,KALTIM1.SIGNAL.AI.10HBK31CP102,0.0,0,12
#1 BOILER SYSTEM,#1 LTSH,KALTIM1.SIGNAL.AI.10HBK31CP103,0.0,0,12
#1 AIR SYSTEM,#1 AIR HEATER,KALTIM1.SIGNAL.AI.10HBK31CQ101,0.0,12,0
#1 BOILER SYSTEM,#1 LTSH,KALTIM1.SIGNAL.AI.10HBK41CP102,0.0,0,12
#1 BOILER SYSTEM,#1 LTSH,KALTIM1.SIGNAL.AI.10HBK41CP103,0.0,0,12
#1 BOILER SYSTEM,#1 SOOT BLOWER,KALTIM1.SIGNAL.AI.10HCB10AA101XQ12,0.0,0,12
#1 BOILER SYSTEM,#1 SOOT BLOWER,KALTIM1.SIGNAL.AI.10HCB10CP101,0.0,12,0
#1 ASH HANDLING SYSTEM,#1 SLAG COOLER A,KALTIM1.SIGNAL.AI.10HDA10AN001XQ12,0.0,12,0
#1 ASH HANDLING SYSTEM,#1 SLAG COOLER B,KALTIM1.SIGNAL.AI.10HDA20AN001XQ12,0.0,12,0
#1 ASH HANDLING SYSTEM,#1 SLAG COOLER C,KALTIM1.SIGNAL.AI.10HDA30AN001XQ12,5.0,12,0
#1 BOILER SYSTEM,#1 CYCLONE A,KALTIM1.SIGNAL.AI.10HDF11CP102,0.0,0,12
#1 BOILER SYSTEM,#1 CYCLONE A,KALTIM1.SIGNAL.AI.10HDF11CP103,0.0,0,12
#1 BOILER SYSTEM,#1 CYCLONE B,KALTIM1.SIGNAL.AI.10HDF21CP102,0.0,0,12
#1 BOILER SYSTEM,#1 CYCLONE B,KALTIM1.SIGNAL.AI.10HDF21CP103,0.0,0,12
#1 COAL FEEDING SYSTEM,#1 COAL FEEDER A,KALTIM1.SIGNAL.AI.10HEW10CP101,0.0,12,0
#1 COAL FEEDING SYSTEM,#1 COAL FEEDER A,KALTIM1.SIGNAL.AI.10HEW11CF101,0.0,12,0
#1 COAL FEEDING SYSTEM,#1 COAL FEEDER B,KALTIM1.SIGNAL.AI.10HEW12CF101,0.0,12,0
#1 COAL FEEDING SYSTEM,#1 COAL FEEDER C,KALTIM1.SIGNAL.AI.10HEW13CF101,0.0,12,0
#1 COAL FEEDING SYSTEM,#1 COAL FEEDER D,KALTIM1.SIGNAL.AI.10HEW14CF101,0.0,12,0
#1 COAL FEEDING SYSTEM,#1 COAL FEEDER E,KALTIM1.SIGNAL.AI.10HEW15CF101,0.0,12,0
#1 COAL FEEDING SYSTEM,#1 COAL FEEDER F,KALTIM1.SIGNAL.AI.10HEW16CF101,0.0,12,0
#1 COAL FEEDING SYSTEM,#1 COAL FEEDER A,KALTIM1.SIGNAL.AI.10HFB10AA002XQ12,0.0,12,0
#1 COAL FEEDING SYSTEM,#1 COAL FEEDER A,KALTIM1.SIGNAL.AI.10HFB10AF001XQ02,0.0,12,0
#1 COAL FEEDING SYSTEM,#1 COAL FEEDER B,KALTIM1.SIGNAL.AI.10HFB20AA002XQ12,0.0,12,0
#1 COAL FEEDING SYSTEM,#1 COAL FEEDER B,KALTIM1.SIGNAL.AI.10HFB20AF001XQ02,0.0,12,0
#1 COAL FEEDING SYSTEM,#1 COAL FEEDER C,KALTIM1.SIGNAL.AI.10HFB30AA002XQ12,0.0,12,0
#1 COAL FEEDING SYSTEM,#1 COAL FEEDER C,KALTIM1.SIGNAL.AI.10HFB30AF001XQ02,0.0,12,0
#1 COAL FEEDING SYSTEM,#1 COAL FEEDER D,KALTIM1.SIGNAL.AI.10HFB40AA002XQ12,0.0,12,0
#1 COAL FEEDING SYSTEM,#1 COAL FEEDER D,KALTIM1.SIGNAL.AI.10HFB40AF001XQ02,0.0,12,0
#1 COAL FEEDING SYSTEM,#1 COAL FEEDER E,KALTIM1.SIGNAL.AI.10HFB50AA002XQ12,0.0,12,0
#1 COAL FEEDING SYSTEM,#1 COAL FEEDER E,KALTIM1.SIGNAL.AI.10HFB50AF001XQ02,0.0,12,0
#1 COAL FEEDING SYSTEM,#1 COAL FEEDER F,KALTIM1.SIGNAL.AI.10HFB60AA002XQ12,0.0,0,12
#1 COAL FEEDING SYSTEM,#1 COAL FEEDER F,KALTIM1.SIGNAL.AI.10HFB60AF001XQ02,0.0,12,0
#1 COAL FEEDING SYSTEM,#1 CFB FAN A,KALTIM1.SIGNAL.AI.10HFE10AN001XQ01,0.0,0,12
#1 COAL FEEDING SYSTEM,#1 CFB FAN A,KALTIM1.SIGNAL.AI.10HFE10CP101,0.0,12,0
#1 COAL FEEDING SYSTEM,#1 CFB FAN A,KALTIM1.SIGNAL.AI.10HFE10CY101,0.0,0,12
#1 COAL FEEDING SYSTEM,#1 CFB FAN A,KALTIM1.SIGNAL.AI.10HFE10CY102,0.0,0,12
#1 COAL FEEDING SYSTEM,#1 COAL FEEDER A,KALTIM1.SIGNAL.AI.10HFE11CF101,0.0,12,0
#1 COAL FEEDING SYSTEM,#1 COAL FEEDER A,KALTIM1.SIGNAL.AI.10HFE12CF101,0.0,12,0
#1 COAL FEEDING SYSTEM,#1 CFB FAN B,KALTIM1.SIGNAL.AI.10HFE20AN001XQ01,0.0,0,12
#1 COAL FEEDING SYSTEM,#1 CFB FAN B,KALTIM1.SIGNAL.AI.10HFE20CP101,0.0,12,0
#1 COAL FEEDING SYSTEM,#1 CFB FAN B,KALTIM1.SIGNAL.AI.10HFE20CY101,0.0,0,12
#1 COAL FEEDING SYSTEM,#1 CFB FAN B,KALTIM1.SIGNAL.AI.10HFE20CY102,0.0,0,12
#1 COAL FEEDING SYSTEM,#1 COAL FEEDER B,KALTIM1.SIGNAL.AI.10HFE21CF101,0.0,12,0
#1 COAL FEEDING SYSTEM,#1 COAL FEEDER B,KALTIM1.SIGNAL.AI.10HFE22CF101,0.0,12,0
#1 COAL FEEDING SYSTEM,#1 CFB FAN A,KALTIM1.SIGNAL.AI.10HFE30CP101,0.0,12,0
#1 COAL FEEDING SYSTEM,#1 COAL FEEDER C,KALTIM1.SIGNAL.AI.10HFE31CF101,0.0,12,0
#1 COAL FEEDING SYSTEM,#1 COAL FEEDER C,KALTIM1.SIGNAL.AI.10HFE32CF101,0.0,12,0
#1 COAL FEEDING SYSTEM,#1 COAL FEEDER D,KALTIM1.SIGNAL.AI.10HFE41CF101,0.0,12,0
#1 COAL FEEDING SYSTEM,#1 COAL FEEDER D,KALTIM1.SIGNAL.AI.10HFE42CF101,0.0,12,0
#1 COAL FEEDING SYSTEM,#1 COAL FEEDER E,KALTIM1.SIGNAL.AI.10HFE51CF101,0.0,12,0
#1 COAL FEEDING SYSTEM,#1 COAL FEEDER E,KALTIM1.SIGNAL.AI.10HFE52CF101,0.0,12,0
#1 COAL FEEDING SYSTEM,#1 COAL FEEDER F,KALTIM1.SIGNAL.AI.10HFE61CF101,0.0,12,0
#1 COAL FEEDING SYSTEM,#1 COAL FEEDER F,KALTIM1.SIGNAL.AI.10HFE62CF101,0.0,12,0
#1 AIR SYSTEM,#1 AIR HEATER,KALTIM1.SIGNAL.AI.10HHL01CP101,0.0,12,0
#1 BOILER SYSTEM,#1 FURNACE,KALTIM1.SIGNAL.AI.10HHL02AA101XQ12,0.0,12,0
#1 BOILER SYSTEM,#1 FURNACE,KALTIM1.SIGNAL.AI.10HHL02AA102XQ12,0.0,12,0
#1 BOILER SYSTEM,#1 FURNACE,KALTIM1.SIGNAL.AI.10HHL02AA103XQ12,0.0,12,0
#1 BOILER SYSTEM,#1 FURNACE,KALTIM1.SIGNAL.AI.10HHL03AA101XQ12,0.0,12,0
#1 BOILER SYSTEM,#1 FURNACE,KALTIM1.SIGNAL.AI.10HHL03AA102XQ12,0.0,12,0
#1 BOILER SYSTEM,#1 FURNACE,KALTIM1.SIGNAL.AI.10HHL03AA103XQ12,0.0,12,0
#1 BOILER SYSTEM,#1 FURNACE,KALTIM1.SIGNAL.AI.10HHL05AA101XQ12,0.0,12,0
#1 BOILER SYSTEM,#1 FURNACE,KALTIM1.SIGNAL.AI.10HHL05AA102XQ12,0.0,0,12
#1 BOILER SYSTEM,#1 FURNACE,KALTIM1.SIGNAL.AI.10HHL06AA101XQ12,0.0,12,0
#1 BOILER SYSTEM,#1 FURNACE,KALTIM1.SIGNAL.AI.10HHL06AA102XQ12,0.0,12,0
#1 AIR SYSTEM,#1 AIR HEATER,KALTIM1.SIGNAL.AI.10HHL10CP101,0.0,12,0
#1 BOILER SYSTEM,#1 FURNACE,KALTIM1.SIGNAL.AI.10HHL11AA101XQ12,0.0,12,0
#1 BOILER SYSTEM,#1 FURNACE,KALTIM1.SIGNAL.AI.10HHL12AA101XQ12,0.0,12,0
#1 BOILER SYSTEM,#1 FURNACE,KALTIM1.SIGNAL.AI.10HHL13AA101XQ12,0.0,12,0
#1 BOILER SYSTEM,#1 FURNACE,KALTIM1.SIGNAL.AI.10HHL14AA101XQ12,0.0,12,0
#1 BOILER SYSTEM,#1 FURNACE,KALTIM1.SIGNAL.AI.10HHL21AA101XQ12,0.0,12,0
#1 BOILER SYSTEM,#1 FURNACE,KALTIM1.SIGNAL.AI.10HHL22AA101XQ12,0.0,12,0
#1 BOILER SYSTEM,#1 FURNACE,KALTIM1.SIGNAL.AI.10HHL23AA101XQ12,0.0,12,0
#1 BOILER SYSTEM,#1 FURNACE,KALTIM1.SIGNAL.AI.10HHL24AA101XQ12,0.0,12,0
#1 BOILER SYSTEM,#1 BURNER A,KALTIM1.SIGNAL.AI.10HJA11CB101,0.0,0,12
#1 BOILER SYSTEM,#1 BURNER A,KALTIM1.SIGNAL.AI.10HJA11CB102,1.0,12,0
#1 BOILER SYSTEM,#1 BURNER A,KALTIM1.SIGNAL.AI.10HJA11CB103,0.0,0,12
#1 BOILER SYSTEM,#1 BURNER B,KALTIM1.SIGNAL.AI.10HJA12CB101,0.0,0,12
#1 BOILER SYSTEM,#1 BURNER B,KALTIM1.SIGNAL.AI.10HJA12CB102,0.0,0,12
#1 BOILER SYSTEM,#1 BURNER B,KALTIM1.SIGNAL.AI.10HJA12CB103,0.0,0,12
#1 BOILER SYSTEM,#1 BURNER C,KALTIM1.SIGNAL.AI.10HJA13CB101,0.0,12,0
#1 BOILER SYSTEM,#1 BURNER C,KALTIM1.SIGNAL.AI.10HJA13CB102,0.0,0,12
#1 BOILER SYSTEM,#1 BURNER C,KALTIM1.SIGNAL.AI.10HJA13CB103,0.0,0,12
#1 BOILER SYSTEM,#1 BURNER D,KALTIM1.SIGNAL.AI.10HJA14CB101,0.0,0,12
#1 BOILER SYSTEM,#1 BURNER D,KALTIM1.SIGNAL.AI.10HJA14CB102,0.0,0,12
#1 BOILER SYSTEM,#1 BURNER D,KALTIM1.SIGNAL.AI.10HJA14CB103,0.0,0,12
#1 BOILER SYSTEM,#1 LOWER BURNER A,KALTIM1.SIGNAL.AI.10HJA21CB101,0.0,12,0
#1 BOILER SYSTEM,#1 LOWER BURNER A,KALTIM1.SIGNAL.AI.10HJA21CB102,0.0,0,12
#1 BOILER SYSTEM,#1 LOWER BURNER A,KALTIM1.SIGNAL.AI.10HJA21CB103,0.0,0,12
#1 BOILER SYSTEM,#1 LOWER BURNER B,KALTIM1.SIGNAL.AI.10HJA22CB101,0.0,12,0
#1 BOILER SYSTEM,#1 LOWER BURNER B,KALTIM1.SIGNAL.AI.10HJA22CB102,0.0,0,12
#1 BOILER SYSTEM,#1 LOWER BURNER B,KALTIM1.SIGNAL.AI.10HJA22CB103,0.0,0,12
#1 BOILER SYSTEM,#1 LOWER BURNER C,KALTIM1.SIGNAL.AI.10HJA23CB101,0.0,0,12
#1 BOILER SYSTEM,#1 LOWER BURNER C,KALTIM1.SIGNAL.AI.10HJA23CB102,0.0,0,12
#1 BOILER SYSTEM,#1 LOWER BURNER C,KALTIM1.SIGNAL.AI.10HJA23CB103,0.0,0,12
#1 BOILER SYSTEM,#1 LOWER BURNER D,KALTIM1.SIGNAL.AI.10HJA24CB101,0.0,12,0
#1 BOILER SYSTEM,#1 LOWER BURNER D,KALTIM1.SIGNAL.AI.10HJA24CB102,0.0,0,12
#1 BOILER SYSTEM,#1 LOWER BURNER D,KALTIM1.SIGNAL.AI.10HJA24CB103,1.0,12,0
#1 BOILER SYSTEM,#1 BURNER A,KALTIM1.SIGNAL.AI.10HJF10CP101,0.0,0,12
#1 BOILER SYSTEM,#1 BURNER A,KALTIM1.SIGNAL.AI.10HJF10CP102,0.0,12,0
#1 BOILER SYSTEM,#1 LOWER BURNER A,KALTIM1.SIGNAL.AI.10HJF20CP101,0.0,0,12
#1 BOILER SYSTEM,#1 BURNER A,KALTIM1.SIGNAL.AI.10HJS10AA101XQ12,0.0,0,12
#1 BOILER SYSTEM,#1 BURNER A,KALTIM1.SIGNAL.AI.10HJS10CP101,0.0,0,12
#1 BOILER SYSTEM,#1 LOWER BURNER A,KALTIM1.SIGNAL.AI.10HJS20AA101XQ12,0.0,12,0
#1 BOILER SYSTEM,#1 LOWER BURNER A,KALTIM1.SIGNAL.AI.10HJS20CP101,0.0,12,0
#1 AIR SYSTEM,#1 PA FAN A,KALTIM1.SIGNAL.AI.10HLA10CP101,0.0,12,0
#1 AIR SYSTEM,#1 PA FAN A,KALTIM1.SIGNAL.AI.10HLA10CP102,0.0,12,0
#1 AIR SYSTEM,#1 PA FAN B,KALTIM1.SIGNAL.AI.10HLA20CP101,0.0,12,0
#1 AIR SYSTEM,#1 SA FAN A,KALTIM1.SIGNAL.AI.10HLA30CP101,0.0,12,0
#1 AIR SYSTEM,#1 AIR HEATER,KALTIM1.SIGNAL.AI.10HLA30CP102,0.0,12,0
#1 AIR SYSTEM,#1 SA FAN B,KALTIM1.SIGNAL.AI.10HLA40CP101,0.0,12,0
#1 AIR SYSTEM,#1 PA FAN A,KALTIM1.SIGNAL.AI.10HLB10AA101XQ12,0.0,12,0
#1 AIR SYSTEM,#1 PA FAN A,KALTIM1.SIGNAL.AI.10HLB10AN001XQ01,0.0,12,0
#1 AIR SYSTEM,#1 PA FAN B,KALTIM1.SIGNAL.AI.10HLB20AA101XQ12,0.0,12,0
#1 AIR SYSTEM,#1 PA FAN B,KALTIM1.SIGNAL.AI.10HLB20AN001XQ01,0.0,12,0
#1 AIR SYSTEM,#1 SA FAN A,KALTIM1.SIGNAL.AI.10HLB30AA101XQ12,0.0,12,0
#1 AIR SYSTEM,#1 SA FAN A,KALTIM1.SIGNAL.AI.10HLB30AN001XQ01,0.0,12,0
#1 AIR SYSTEM,#1 SA FAN B,KALTIM1.SIGNAL.AI.10HLB40AA101XQ12,0.0,12,0
#1 AIR SYSTEM,#1 SA FAN B,KALTIM1.SIGNAL.AI.10HLB40AN001XQ01,0.0,12,0
#1 FLUE GAS SYSTEM,#1 ID FAN A,KALTIM1.SIGNAL.AI.10HNA10AA101XQ12,0.0,12,0
#1 AIR SYSTEM,#1 AIR HEATER,KALTIM1.SIGNAL.AI.10HNA10AA102XQ12,0.0,12,0
#1 FLUE GAS SYSTEM,#1 ID FAN A,KALTIM1.SIGNAL.AI.10HNA10CP101,0.0,0,12
#1 FLUE GAS SYSTEM,#1 ID FAN A,KALTIM1.SIGNAL.AI.10HNA10CP102,0.0,0,12
#1 FLUE GAS SYSTEM,#1 ID FAN B,KALTIM1.SIGNAL.AI.10HNA20AA101XQ12,0.0,12,0
#1 AIR SYSTEM,#1 AIR HEATER,KALTIM1.SIGNAL.AI.10HNA20AA102XQ12,0.0,12,0
#1 FLUE GAS SYSTEM,#1 ID FAN B,KALTIM1.SIGNAL.AI.10HNA20CP101,0.0,0,12
#1 FLUE GAS SYSTEM,#1 ID FAN B,KALTIM1.SIGNAL.AI.10HNA20CP102,0.0,0,12
#1 FLUE GAS SYSTEM,#1 STACK,KALTIM1.SIGNAL.AI.10HNA30CF101,0.0,0,12
#1 FLUE GAS SYSTEM,#1 STACK,KALTIM1.SIGNAL.AI.10HNA30CQ103XQ01,0.0,0,12
#1 FLUE GAS SYSTEM,#1 STACK,KALTIM1.SIGNAL.AI.10HNA30CQ103XQ02,0.0,0,12
#1 FLUE GAS SYSTEM,#1 ID FAN A,KALTIM1.SIGNAL.AI.10HNC10AN001XQ01,0.0,12,0
#1 FLUE GAS SYSTEM,#1 ID FAN B,KALTIM1.SIGNAL.AI.10HNC20AN001XQ01,0.0,12,0
#1 CONDENSATE WATER SYSTEM,#1 DEAERATOR,KALTIM1.SIGNAL.AI.10LAA01CL101,0.0,12,0
#1 CONDENSATE WATER SYSTEM,#1 DEAERATOR,KALTIM1.SIGNAL.AI.10LAA01CL102,0.0,12,0
#1 CONDENSATE WATER SYSTEM,#1 DEAERATOR,KALTIM1.SIGNAL.AI.10LAA01CL103,0.0,12,0
#1 CONDENSATE WATER SYSTEM,#1 DEAERATOR,KALTIM1.SIGNAL.AI.10LAA01CP101,0.0,12,0
#1 CONDENSATE WATER SYSTEM,#1 DEAERATOR,KALTIM1.SIGNAL.AI.10LAA01CP102,0.0,12,0
#1 FEED WATER SYSTEM,#1 ELECTRIC FEED WATER PUMP A,KALTIM1.SIGNAL.AI.10LAB20CP101,0.0,12,0
#1 FEED WATER SYSTEM,#1 ELECTRIC FEED WATER PUMP A,KALTIM1.SIGNAL.AI.10LAB20CP102,0.0,12,0
#1 FEED WATER SYSTEM,#1 ELECTRIC FEED WATER PUMP A,KALTIM1.SIGNAL.AI.10LAB21AA101XQ12,0.0,12,0
#1 FEED WATER SYSTEM,#1 ELECTRIC FEED WATER PUMP B,KALTIM1.SIGNAL.AI.10LAB30CP101,0.0,12,0
#1 FEED WATER SYSTEM,#1 ELECTRIC FEED WATER PUMP B,KALTIM1.SIGNAL.AI.10LAB30CP102,0.0,12,0
#1 FEED WATER SYSTEM,#1 ELECTRIC FEED WATER PUMP B,KALTIM1.SIGNAL.AI.10LAB31AA101XQ12,0.0,12,0
#1 FEED WATER SYSTEM,#1 ELECTRIC FEED WATER PUMP C,KALTIM1.SIGNAL.AI.10LAB40CP101,0.0,12,0
#1 FEED WATER SYSTEM,#1 ELECTRIC FEED WATER PUMP C,KALTIM1.SIGNAL.AI.10LAB40CP102,0.0,12,0
#1 FEED WATER SYSTEM,#1 ELECTRIC FEED WATER PUMP C,KALTIM1.SIGNAL.AI.10LAB41AA101XQ12,0.0,12,0
#1 FEED WATER SYSTEM,#1 HIGH PRESSURE HEATER 1,KALTIM1.SIGNAL.AI.10LAB50CF101,0.0,12,0
#1 FEED WATER SYSTEM,#1 HIGH PRESSURE HEATER 1,KALTIM1.SIGNAL.AI.10LAB50CF102,0.0,12,0
#1 FEED WATER SYSTEM,#1 ELECTRIC FEED WATER PUMP A,KALTIM1.SIGNAL.AI.10LAB50CP101,0.0,12,0
#1 FEED WATER SYSTEM,#1 ELECTRIC FEED WATER PUMP A,KALTIM1.SIGNAL.AI.10LAC20CS101,0.0,0,12
#1 FEED WATER SYSTEM,#1 ELECTRIC FEED WATER PUMP A,KALTIM1.SIGNAL.AI.10LAC20CY101,0.0,0,12
#1 FEED WATER SYSTEM,#1 ELECTRIC FEED WATER PUMP A,KALTIM1.SIGNAL.AI.10LAC20CY102,0.0,0,12
#1 FEED WATER SYSTEM,#1 ELECTRIC FEED WATER PUMP A,KALTIM1.SIGNAL.AI.10LAC20CY103,0.0,0,12
#1 FEED WATER SYSTEM,#1 ELECTRIC FEED WATER PUMP A,KALTIM1.SIGNAL.AI.10LAC20CY104,0.0,0,12
#1 FEED WATER SYSTEM,#1 ELECTRIC FEED WATER PUMP B,KALTIM1.SIGNAL.AI.10LAC30AP001XQ01,0.0,12,0
#1 FEED WATER SYSTEM,#1 ELECTRIC FEED WATER PUMP B,KALTIM1.SIGNAL.AI.10LAC30CS101,11.0,0,12
#1 FEED WATER SYSTEM,#1 ELECTRIC FEED WATER PUMP B,KALTIM1.SIGNAL.AI.10LAC30CY101,0.0,0,12
#1 FEED WATER SYSTEM,#1 ELECTRIC FEED WATER PUMP B,KALTIM1.SIGNAL.AI.10LAC30CY102,0.0,0,12
#1 FEED WATER SYSTEM,#1 ELECTRIC FEED WATER PUMP B,KALTIM1.SIGNAL.AI.10LAC30CY103,0.0,12,0
#1 FEED WATER SYSTEM,#1 ELECTRIC FEED WATER PUMP B,KALTIM1.SIGNAL.AI.10LAC30CY104,0.0,12,0
#1 FEED WATER SYSTEM,#1 ELECTRIC FEED WATER PUMP C,KALTIM1.SIGNAL.AI.10LAC40AP001XQ01,0.0,0,12
#1 FEED WATER SYSTEM,#1 ELECTRIC FEED WATER PUMP C,KALTIM1.SIGNAL.AI.10LAC40CS101,0.0,0,12
#1 FEED WATER SYSTEM,#1 ELECTRIC FEED WATER PUMP C,KALTIM1.SIGNAL.AI.10LAC40CY101,0.0,0,12
#1 FEED WATER SYSTEM,#1 ELECTRIC FEED WATER PUMP C,KALTIM1.SIGNAL.AI.10LAC40CY102,0.0,0,12
#1 FEED WATER SYSTEM,#1 ELECTRIC FEED WATER PUMP C,KALTIM1.SIGNAL.AI.10LAC40CY103,0.0,0,12
#1 FEED WATER SYSTEM,#1 ELECTRIC FEED WATER PUMP C,KALTIM1.SIGNAL.AI.10LAC40CY104,0.0,0,12
#1 FEED WATER SYSTEM,#1 HIGH PRESSURE HEATER 1,KALTIM1.SIGNAL.AI.10LAD10CL101,0.0,12,0
#1 FEED WATER SYSTEM,#1 HIGH PRESSURE HEATER 1,KALTIM1.SIGNAL.AI.10LAD10CL102,0.0,12,0
#1 FEED WATER SYSTEM,#1 HIGH PRESSURE HEATER 1,KALTIM1.SIGNAL.AI.10LAD10CL103,0.0,12,0
#1 FEED WATER SYSTEM,#1 HIGH PRESSURE HEATER 2,KALTIM1.SIGNAL.AI.10LAD20CL101,0.0,12,0
#1 FEED WATER SYSTEM,#1 HIGH PRESSURE HEATER 2,KALTIM1.SIGNAL.AI.10LAD20CL102,0.0,12,0
#1 FEED WATER SYSTEM,#1 HIGH PRESSURE HEATER 2,KALTIM1.SIGNAL.AI.10LAD20CL103,0.0,12,0
#1 BOILER SYSTEM,#1 LTSH,KALTIM1.SIGNAL.AI.10LAE20CP101,0.0,12,0
#1 BOILER SYSTEM,#1 LTSH,KALTIM1.SIGNAL.AI.10LAE21AA101XQ12,0.0,12,0
#1 BOILER SYSTEM,#1 LTSH,KALTIM1.SIGNAL.AI.10LAE21CF101,0.0,12,0
#1 BOILER SYSTEM,#1 LTSH,KALTIM1.SIGNAL.AI.10LAE22AA101XQ12,0.0,12,0
#1 BOILER SYSTEM,#1 LTSH,KALTIM1.SIGNAL.AI.10LAE22CF101,0.0,12,0
#1 BOILER SYSTEM,#1 PLATEN SH,KALTIM1.SIGNAL.AI.10LAE23AA101XQ12,0.0,12,0
#1 BOILER SYSTEM,#1 PLATEN SH,KALTIM1.SIGNAL.AI.10LAE23CF101,0.0,12,0
#1 BOILER SYSTEM,#1 PLATEN SH,KALTIM1.SIGNAL.AI.10LAE24AA101XQ12,0.0,12,0
#1 BOILER SYSTEM,#1 PLATEN SH,KALTIM1.SIGNAL.AI.10LAE24CF101,0.0,12,0
#1 TURBINE SYSTEM,#1 GLAND SEAL SYSTEM,KALTIM1.SIGNAL.AI.10LBG23CP101,0.0,12,0
#1 CONDENSATE WATER SYSTEM,#1 DEAERATOR,KALTIM1.SIGNAL.AI.10LBG26AA101XQ12,0.0,12,0
#1 FEED WATER SYSTEM,#1 HIGH PRESSURE HEATER 1,KALTIM1.SIGNAL.AI.10LBQ10CP101,0.0,12,0
#1 FEED WATER SYSTEM,#1 HIGH PRESSURE HEATER 2,KALTIM1.SIGNAL.AI.10LBQ20CP101,0.0,12,0
#1 CONDENSATE WATER SYSTEM,#1 DEAERATOR,KALTIM1.SIGNAL.AI.10LBS30AA101XQ12,0.0,12,0
#1 CONDENSATE WATER SYSTEM,#1 DEAERATOR,KALTIM1.SIGNAL.AI.10LBS30CP101,0.0,12,0
#1 CONDENSATE WATER SYSTEM,#1 LOW PRESSURE HEATER 4,KALTIM1.SIGNAL.AI.10LBS40CP101,0.0,12,0
#1 CONDENSATE WATER SYSTEM,#1 LOW PRESSURE HEATER 5,KALTIM1.SIGNAL.AI.10LBS50CP101,0.0,12,0
#1 CONDENSATE WATER SYSTEM,#1 LOW PRESSURE HEATER 6,KALTIM1.SIGNAL.AI.10LBS60CP101,0.0,12,0
#1 CONDENSATE WATER SYSTEM,#1 LOW PRESSURE HEATER 7,KALTIM1.SIGNAL.AI.10LBS70CP101,0.0,0,12
#1 CONDENSATE WATER SYSTEM,#1 LOW PRESSURE HEATER 7,KALTIM1.SIGNAL.AI.10LBS70CP102,0.0,0,12
#1 CONDENSATE WATER SYSTEM,#1 CONDENSATE PUMP A,KALTIM1.SIGNAL.AI.10LCA30CP101,11.0,0,12
#1 CONDENSATE WATER SYSTEM,#1 CONDENSATE PUMP A,KALTIM1.SIGNAL.AI.10LCA30CP102,0.0,12,0
#1 CONDENSATE WATER SYSTEM,#1 CONDENSATE PUMP B,KALTIM1.SIGNAL.AI.10LCA40CP101,0.0,0,12
#1 CONDENSATE WATER SYSTEM,#1 CONDENSATE PUMP B,KALTIM1.SIGNAL.AI.10LCA40CP102,0.0,0,12
#1 CONDENSATE WATER SYSTEM,#1 DEAERATOR,KALTIM1.SIGNAL.AI.10LCA50AA101XQ12,0.0,12,0
#1 CONDENSATE WATER SYSTEM,#1 CONDENSATE PUMP A,KALTIM1.SIGNAL.AI.10LCA50CP101,0.0,12,0
#1 CONDENSATE WATER SYSTEM,#1 CONDENSATE PUMP A,KALTIM1.SIGNAL.AI.10LCB30AP001XQ01,0.0,12,0
#1 CONDENSATE WATER SYSTEM,#1 CONDENSATE PUMP A,KALTIM1.SIGNAL.AI.10LCB30CY102,0.0,12,0
#1 CONDENSATE WATER SYSTEM,#1 CONDENSATE PUMP B,KALTIM1.SIGNAL.AI.10LCB40AP001XQ01,0.0,12,0
#1 CONDENSATE WATER SYSTEM,#1 CONDENSATE PUMP B,KALTIM1.SIGNAL.AI.10LCB40CY101,0.0,0,12
#1 CONDENSATE WATER SYSTEM,#1 CONDENSATE PUMP B,KALTIM1.SIGNAL.AI.10LCB40CY102,0.0,12,0
#1 CONDENSATE WATER SYSTEM,#1 LOW PRESSURE HEATER 4,KALTIM1.SIGNAL.AI.10LCC40CL102,0.0,12,0
#1 CONDENSATE WATER SYSTEM,#1 LOW PRESSURE HEATER 5,KALTIM1.SIGNAL.AI.10LCC50CL102,0.0,12,0
#1 CONDENSATE WATER SYSTEM,#1 LOW PRESSURE HEATER 6,KALTIM1.SIGNAL.AI.10LCC60CL102,0.0,12,0
#1 TURBINE SYSTEM,#1 LP TURBINE,KALTIM1.SIGNAL.AI.10LCE11CP102,0.0,12,0
#1 ASH HANDLING SYSTEM,#1 SLAG COOLER A,KALTIM1.SIGNAL.AI.10LCE30CP101,0.0,12,0
#1 ASH HANDLING SYSTEM,#1 SLAG COOLER A,KALTIM1.SIGNAL.AI.10LCE36AA101XQ12,0.0,12,0
#1 ASH HANDLING SYSTEM,#1 SLAG COOLER A,KALTIM1.SIGNAL.AI.10LCE36CP101,0.0,12,0
#1 CONDENSATE WATER SYSTEM,#1 LOW PRESSURE HEATER 4,KALTIM1.SIGNAL.AI.10LCJ40AA101XQ12,0.0,12,0
#1 CONDENSATE WATER SYSTEM,#1 LOW PRESSURE HEATER 4,KALTIM1.SIGNAL.AI.10LCJ40AA102XQ12,0.0,12,0
#1 CONDENSATE WATER SYSTEM,#1 LOW PRESSURE HEATER 5,KALTIM1.SIGNAL.AI.10LCJ50AA101XQ12,0.0,12,0
#1 CONDENSATE WATER SYSTEM,#1 LOW PRESSURE HEATER 5,KALTIM1.SIGNAL.AI.10LCJ50AA102XQ12,0.0,0,12
#1 CONDENSATE WATER SYSTEM,#1 LOW PRESSURE HEATER 6,KALTIM1.SIGNAL.AI.10LCJ60AA101XQ12,0.0,12,0
#1 CONDENSATE WATER SYSTEM,#1 LOW PRESSURE HEATER 6,KALTIM1.SIGNAL.AI.10LCJ60AA102XQ12,0.0,12,0
#1 CONDENSATE WATER SYSTEM,#1 LOW PRESSURE HEATER 7,KALTIM1.SIGNAL.AI.10LCJ70AA101XQ12,0.0,12,0
#1 CONDENSATE WATER SYSTEM,#1 LOW PRESSURE HEATER 7,KALTIM1.SIGNAL.AI.10LCJ70AA102XQ12,0.0,12,0
#1 TURBINE SYSTEM,#1 CONDENSOR,KALTIM1.SIGNAL.AI.10LCR20AA101XQ12,0.0,9,3
#1 TURBINE SYSTEM,#1  MAIN STEAM VALVE,KALTIM1.SIGNAL.AI.10MAA01CP101,0.0,12,0
#1 TURBINE SYSTEM,#1  MAIN STEAM VALVE,KALTIM1.SIGNAL.AI.10MAA01CP102,0.0,12,0
#1 TURBINE SYSTEM,#1 GOVERNOR VALVE L1,KALTIM1.SIGNAL.AI.10MAA01CP103,0.0,12,0
#1 TURBINE SYSTEM,#1 GOVERNOR VALVE L2,KALTIM1.SIGNAL.AI.10MAA01CP104,0.0,12,0
#1 TURBINE SYSTEM,#1 GOVERNOR VALVE R1,KALTIM1.SIGNAL.AI.10MAA01CP105,0.0,12,0
#1 TURBINE SYSTEM,#1 GOVERNOR VALVE R2,KALTIM1.SIGNAL.AI.10MAA01CP106,0.0,12,0
#1 TURBINE SYSTEM,#1 HP TURBINE,KALTIM1.SIGNAL.AI.10MAA01CP107,0.0,12,0
#1 TURBINE SYSTEM,#1 HP TURBINE,KALTIM1.SIGNAL.AI.10MAA01CP108,0.0,12,0
#1 TURBINE SYSTEM,#1 HP TURBINE,KALTIM1.SIGNAL.AI.10MAA01CP109,0.0,12,0
#1 TURBINE SYSTEM,#1 HP TURBINE,KALTIM1.SIGNAL.AI.10MAA01CP110,0.0,12,0
#1 TURBINE SYSTEM,#1 HP TURBINE,KALTIM1.SIGNAL.AI.10MAA01CP111,0.0,12,0
#1 TURBINE SYSTEM,#1 HP TURBINE,KALTIM1.SIGNAL.AI.10MAA01CP112,0.0,12,0
#1 TURBINE SYSTEM,#1 HP TURBINE,KALTIM1.SIGNAL.AI.10MAA01CP113,0.0,0,12
#1 TURBINE SYSTEM,#1 HP TURBINE,KALTIM1.SIGNAL.AI.10MAA01CP114,0.0,0,12
#1 TURBINE SYSTEM,#1 LP TURBINE,KALTIM1.SIGNAL.AI.10MAC01CP101,0.0,9,3
#1 TURBINE SYSTEM,#1 LP TURBINE,KALTIM1.SIGNAL.AI.10MAC01CP102,0.0,0,12
#1 TURBINE SYSTEM,#1 TURBINE BEARING NO. 3,KALTIM1.SIGNAL.AI.10MAD31CY104,0.0,0,12
#1 TURBINE SYSTEM,#1 TURBINE BEARING NO. 4,KALTIM1.SIGNAL.AI.10MAD41CY101,0.0,0,12
#1 TURBINE SYSTEM,#1 CONDENSOR,KALTIM1.SIGNAL.AI.10MAG10CL101,0.0,12,0
#1 TURBINE SYSTEM,#1 CONDENSOR,KALTIM1.SIGNAL.AI.10MAG10CL102,0.0,10,0
#1 TURBINE SYSTEM,#1 CONDENSOR,KALTIM1.SIGNAL.AI.10MAG10CL103,0.0,12,0
#1 TURBINE SYSTEM,#1 CONDENSOR,KALTIM1.SIGNAL.AI.10MAG10CL104,0.0,12,0
#1 TURBINE SYSTEM,#1 CONDENSOR,KALTIM1.SIGNAL.AI.10MAG10CP101,0.0,0,12
#1 TURBINE SYSTEM,#1 CONDENSOR,KALTIM1.SIGNAL.AI.10MAG10CP101A,0.0,0,12
#1 TURBINE SYSTEM,#1 CONDENSOR,KALTIM1.SIGNAL.AI.10MAG10CP102,0.0,0,12
#1 TURBINE SYSTEM,#1 CONDENSOR,KALTIM1.SIGNAL.AI.10MAG10CP102A,0.0,0,12
#1 TURBINE SYSTEM,#1 CONDENSOR,KALTIM1.SIGNAL.AI.10MAJ30BN001XQ01,0.0,12,0
#1 TURBINE SYSTEM,#1 CONDENSOR,KALTIM1.SIGNAL.AI.10MAJ31BN001XQ01,0.0,0,12
#1 LUBRICANT OIL SYSTEM,#1 MAIN OIL TANK,KALTIM1.SIGNAL.AI.10MAU12CL101,0.0,12,0
#1 LUBRICANT OIL SYSTEM,#1 MAIN OIL TANK,KALTIM1.SIGNAL.AI.10MAU12CL102,0.0,12,0
#1 LUBRICANT OIL SYSTEM,#1 MAIN OIL PUMP,KALTIM1.SIGNAL.AI.10MAU20CP101,0.0,12,0
#1 LUBRICANT OIL SYSTEM,#1 MAIN OIL PUMP,KALTIM1.SIGNAL.AI.10MAU20CP102,0.0,12,0
#1 LUBRICANT OIL SYSTEM,#1 MAIN OIL PUMP,KALTIM1.SIGNAL.AI.10MAU20CP103,0.0,12,0
#1 LUBRICANT OIL SYSTEM,#1 HP OIL PUMP,KALTIM1.SIGNAL.AI.10MAU30AP002XQ01,0.0,12,0
#1 LUBRICANT OIL SYSTEM,#1 AC OIL PUMP,KALTIM1.SIGNAL.AI.10MAU30AP003XQ01,0.0,12,0
#1 LUBRICANT OIL SYSTEM,#1 DC OIL PUMP,KALTIM1.SIGNAL.AI.10MAU30AP004XQ01,0.0,12,0
#1 LUBRICANT OIL SYSTEM,#1 HP OIL PUMP,KALTIM1.SIGNAL.AI.10MAU30CP101,0.0,12,0
#1 LUBRICANT OIL SYSTEM,#1 AC OIL PUMP,KALTIM1.SIGNAL.AI.10MAU30CP102,0.0,12,0
#1 LUBRICANT OIL SYSTEM,#1 DC OIL PUMP,KALTIM1.SIGNAL.AI.10MAU30CP103,0.0,12,0
#1 LUBRICANT OIL SYSTEM,#1 JACKING OIL PUMP A,KALTIM1.SIGNAL.AI.10MAU40AP001XQ01,0.0,0,12
#1 LUBRICANT OIL SYSTEM,#1 JACKING OIL PUMP B,KALTIM1.SIGNAL.AI.10MAU40AP002XQ01,0.0,0,12
#1 LUBRICANT OIL SYSTEM,#1 JACKING OIL PUMP A,KALTIM1.SIGNAL.AI.10MAU40CP101,0.0,12,12
#1 CONDENSATE WATER SYSTEM,#1 GLAND STEAM CONDENSER,KALTIM1.SIGNAL.AI.10MAW10CP101,0.0,0,12
#1 TURBINE SYSTEM,#1 GLAND SEAL SYSTEM,KALTIM1.SIGNAL.AI.10MAW31CP101,0.0,12,0
#1 TURBINE SYSTEM,#1 GLAND SEAL SYSTEM,KALTIM1.SIGNAL.AI.10MAW33CP101,0.0,12,0
#1 TURBINE SYSTEM,#1 GLAND SEAL SYSTEM,KALTIM1.SIGNAL.AI.10MAW35AA101XQ12,0.0,12,0
#1 ELECTRO HYDROLIC SYSTEM,#1 EH MAIN OIL PUMP A,KALTIM1.SIGNAL.AI.10MAX20CP101,0.0,0,12
#1 GENERATOR SYSTEM,#1 GENERATOR,KALTIM1.SIGNAL.AI.10MKA01CE001,0.0,12,0
#1 GENERATOR SYSTEM,#1 GENERATOR,KALTIM1.SIGNAL.AI.10MKA01CE002,0.0,12,0
#1 GENERATOR SYSTEM,#1 GENERATOR,KALTIM1.SIGNAL.AI.10MKA01CE003,0.0,12,0
#1 GENERATOR SYSTEM,#1 GENERATOR,KALTIM1.SIGNAL.AI.10MKA01CE004,0.0,12,0
#1 GENERATOR SYSTEM,#1 GENERATOR,KALTIM1.SIGNAL.AI.10MKA01CE005,0.0,12,0
#1 GENERATOR SYSTEM,#1 GENERATOR,KALTIM1.SIGNAL.AI.10MKA01CE006,0.0,12,0
#1 GENERATOR SYSTEM,#1 GENERATOR,KALTIM1.SIGNAL.AI.10MKA01CE007,0.0,12,0
#1 GENERATOR SYSTEM,#1 GENERATOR,KALTIM1.SIGNAL.AI.10MKA01CE008,0.0,12,0
#1 GENERATOR SYSTEM,#1 GENERATOR,KALTIM1.SIGNAL.AI.10MKC01CE002,0.0,12,0
#1 EXCITATION SYSTEM,#1 TRANSFORMER EXCITATION,KALTIM1.SIGNAL.AI.10MKT01CE001,0.0,12,0
#1 EXCITATION SYSTEM,#1 TRANSFORMER EXCITATION,KALTIM1.SIGNAL.AI.10MKT01CE002,0.0,12,0
#1 TURBINE SYSTEM,#1 CONDENSOR,KALTIM1.SIGNAL.AI.10PAB30AA101XQ12,0.0,12,0
#1 TURBINE SYSTEM,#1 CONDENSOR,KALTIM1.SIGNAL.AI.10PAB30CP101,0.0,0,12
#1 TURBINE SYSTEM,#1 CONDENSOR,KALTIM1.SIGNAL.AI.10PAB31AA101XQ12,0.0,12,0
#1 TURBINE SYSTEM,#1 CONDENSOR,KALTIM1.SIGNAL.AI.10PAB31CP101,0.0,0,12
#1 TURBINE SYSTEM,#1 CONDENSOR,KALTIM1.SIGNAL.AI.10PAB40CP101,0.0,12,0
#1 TURBINE SYSTEM,#1 CONDENSOR,KALTIM1.SIGNAL.AI.10PAB41CP101,0.0,12,0
#1 CCCW SYSTEM,#1 HE CCCW A,KALTIM1.SIGNAL.AI.10PCB10CP101,0.0,12,0
#1 CCCW SYSTEM,#1 HE VACUM PUMP B,KALTIM1.SIGNAL.AI.10PCB30CP102,0.0,0,12
#1 CCCW SYSTEM,#1 EXPANSION TANK,KALTIM1.SIGNAL.AI.10PGB20AA101XQ12,0.0,12,0
#1 CCCW SYSTEM,#1 CCCW PUMP A,KALTIM1.SIGNAL.AI.10PGB32CP101,0.0,12,0
#1 LUBRICANT OIL SYSTEM,#1 LUBE OIL COOLER A,KALTIM1.SIGNAL.AI.10PGB50AA101XQ12,0.0,12,0
#1 GENERATOR SYSTEM,#1 GENERATOR AIR COOLER SET,KALTIM1.SIGNAL.AI.10PGB75AA101XQ12,0.0,12,0
#1 INSTRUMENT AIR SYSTEM,#1 INSTRUMENT AIR SYSTEM,KALTIM1.SIGNAL.AI.10QFB20CP101,0.0,12,0
#1 INSTRUMENT AIR SYSTEM,#1 INSTRUMENT AIR SYSTEM,KALTIM1.SIGNAL.AI.10QFB21CP101,0.0,12,0
#1 INSTRUMENT AIR SYSTEM,#1 INSTRUMENT AIR SYSTEM,KALTIM1.SIGNAL.AI.10QFB22CP101,0.0,12,0
#1 INSTRUMENT AIR SYSTEM,#1 INSTRUMENT AIR SYSTEM,KALTIM1.SIGNAL.AI.10QFB23CP101,0.0,12,0
#1 INSTRUMENT AIR SYSTEM,#1 INSTRUMENT AIR SYSTEM,KALTIM1.SIGNAL.AI.10QFB24CP101,0.0,12,0
#1 INSTRUMENT AIR SYSTEM,#1 INSTRUMENT AIR SYSTEM,KALTIM1.SIGNAL.AI.10QFB30CP101,0.0,12,0
#1 INSTRUMENT AIR SYSTEM,#1 INSTRUMENT AIR SYSTEM,KALTIM1.SIGNAL.AI.10QFB40CP101,0.0,12,0
#1 INSTRUMENT AIR SYSTEM,#1 INSTRUMENT AIR SYSTEM,KALTIM1.SIGNAL.AI.10QFB50CP101,0.0,12,0
#1 BOILER SYSTEM,#1 HTSH,KALTIM1.SIGNAL.AI.AM11CCS20A01,0.0,12,0
#1 BOILER SYSTEM,#1 SOOT BLOWER,KALTIM1.SIGNAL.AO.10HCB10AA101XQ11,0.0,12,0
#1 ASH HANDLING SYSTEM,#1 SLAG COOLER C,KALTIM1.SIGNAL.AO.10HDA30AN001XQ11,5.0,2,4
#1 COAL FEEDING SYSTEM,#1 COAL FEEDER A,KALTIM1.SIGNAL.AO.10HFB10AF001XQ11,0.0,12,0
#1 COAL FEEDING SYSTEM,#1 COAL FEEDER B,KALTIM1.SIGNAL.AO.10HFB20AF001XQ11,0.0,12,0
#1 COAL FEEDING SYSTEM,#1 COAL FEEDER C,KALTIM1.SIGNAL.AO.10HFB30AF001XQ11,0.0,12,0
#1 COAL FEEDING SYSTEM,#1 COAL FEEDER D,KALTIM1.SIGNAL.AO.10HFB40AF001XQ11,0.0,12,0
#1 COAL FEEDING SYSTEM,#1 COAL FEEDER E,KALTIM1.SIGNAL.AO.10HFB50AF001XQ11,0.0,12,0
#1 COAL FEEDING SYSTEM,#1 COAL FEEDER F,KALTIM1.SIGNAL.AO.10HFB60AF001XQ11,0.0,12,0
#1 BOILER SYSTEM,#1 FURNACE,KALTIM1.SIGNAL.AO.10HHL02AA101XQ11,0.0,12,0
#1 BOILER SYSTEM,#1 FURNACE,KALTIM1.SIGNAL.AO.10HHL02AA102XQ11,0.0,12,0
#1 BOILER SYSTEM,#1 FURNACE,KALTIM1.SIGNAL.AO.10HHL02AA103XQ11,0.0,12,0
#1 BOILER SYSTEM,#1 FURNACE,KALTIM1.SIGNAL.AO.10HHL03AA101XQ11,0.0,12,0
#1 BOILER SYSTEM,#1 FURNACE,KALTIM1.SIGNAL.AO.10HHL03AA102XQ11,0.0,12,0
#1 BOILER SYSTEM,#1 FURNACE,KALTIM1.SIGNAL.AO.10HHL03AA103XQ11,0.0,12,0
#1 BOILER SYSTEM,#1 FURNACE,KALTIM1.SIGNAL.AO.10HHL05AA101XQ11,0.0,12,0
#1 BOILER SYSTEM,#1 FURNACE,KALTIM1.SIGNAL.AO.10HHL05AA102XQ11,0.0,12,0
#1 BOILER SYSTEM,#1 FURNACE,KALTIM1.SIGNAL.AO.10HHL06AA101XQ11,0.0,12,0
#1 BOILER SYSTEM,#1 FURNACE,KALTIM1.SIGNAL.AO.10HHL06AA102XQ11,0.0,12,0
#1 BOILER SYSTEM,#1 FURNACE,KALTIM1.SIGNAL.AO.10HHL11AA101XQ11,0.0,12,0
#1 BOILER SYSTEM,#1 FURNACE,KALTIM1.SIGNAL.AO.10HHL12AA101XQ11,0.0,12,0
#1 BOILER SYSTEM,#1 FURNACE,KALTIM1.SIGNAL.AO.10HHL13AA101XQ11,0.0,12,0
#1 BOILER SYSTEM,#1 FURNACE,KALTIM1.SIGNAL.AO.10HHL14AA101XQ11,0.0,12,0
#1 BOILER SYSTEM,#1 FURNACE,KALTIM1.SIGNAL.AO.10HHL21AA101XQ11,0.0,12,0
#1 BOILER SYSTEM,#1 FURNACE,KALTIM1.SIGNAL.AO.10HHL22AA101XQ11,0.0,12,0
#1 BOILER SYSTEM,#1 FURNACE,KALTIM1.SIGNAL.AO.10HHL23AA101XQ11,0.0,12,0
#1 BOILER SYSTEM,#1 FURNACE,KALTIM1.SIGNAL.AO.10HHL24AA101XQ11,0.0,12,0
#1 AIR SYSTEM,#1 PA FAN A,KALTIM1.SIGNAL.AO.10HLB10AA101XQ11,0.0,12,0
#1 AIR SYSTEM,#1 PA FAN B,KALTIM1.SIGNAL.AO.10HLB20AA101XQ11,0.0,12,0
#1 AIR SYSTEM,#1 SA FAN A,KALTIM1.SIGNAL.AO.10HLB30AA101XQ11,0.0,12,0
#1 AIR SYSTEM,#1 SA FAN B,KALTIM1.SIGNAL.AO.10HLB40AA101XQ11,0.0,12,0
#1 FLUE GAS SYSTEM,#1 ID FAN A,KALTIM1.SIGNAL.AO.10HNA10AA101XQ11,0.0,12,0
#1 AIR SYSTEM,#1 AIR HEATER,KALTIM1.SIGNAL.AO.10HNA10AA102XQ11,0.0,12,0
#1 FLUE GAS SYSTEM,#1 ID FAN B,KALTIM1.SIGNAL.AO.10HNA20AA101XQ11,0.0,12,0
#1 AIR SYSTEM,#1 AIR HEATER,KALTIM1.SIGNAL.AO.10HNA20AA102XQ11,0.0,12,0
#1 FEED WATER SYSTEM,#1 ELECTRIC FEED WATER PUMP A,KALTIM1.SIGNAL.AO.10LAB21AA101XQ11,0.0,12,0
#1 FEED WATER SYSTEM,#1 ELECTRIC FEED WATER PUMP B,KALTIM1.SIGNAL.AO.10LAB31AA101XQ11,0.0,12,0
#1 FEED WATER SYSTEM,#1 ELECTRIC FEED WATER PUMP C,KALTIM1.SIGNAL.AO.10LAB41AA101XQ11,0.0,12,0
#1 BOILER SYSTEM,#1 LTSH,KALTIM1.SIGNAL.AO.10LAE21AA101XQ11,0.0,12,0
#1 BOILER SYSTEM,#1 LTSH,KALTIM1.SIGNAL.AO.10LAE22AA101XQ11,0.0,12,0
#1 BOILER SYSTEM,#1 PLATEN SH,KALTIM1.SIGNAL.AO.10LAE23AA101XQ11,0.0,12,0
#1 BOILER SYSTEM,#1 PLATEN SH,KALTIM1.SIGNAL.AO.10LAE24AA101XQ11,0.0,12,0
#1 CONDENSATE WATER SYSTEM,#1 DEAERATOR,KALTIM1.SIGNAL.AO.10LBS30AA101XQ11,0.0,12,0
#1 CONDENSATE WATER SYSTEM,#1 DEAERATOR,KALTIM1.SIGNAL.AO.10LCA50AA101XQ11,0.0,12,0
#1 ASH HANDLING SYSTEM,#1 SLAG COOLER A,KALTIM1.SIGNAL.AO.10LCE36AA101XQ11,0.0,12,0
#1 CONDENSATE WATER SYSTEM,#1 LOW PRESSURE HEATER 4,KALTIM1.SIGNAL.AO.10LCJ40AA101XQ11,0.0,12,0
#1 CONDENSATE WATER SYSTEM,#1 LOW PRESSURE HEATER 4,KALTIM1.SIGNAL.AO.10LCJ40AA102XQ11,0.0,12,0
#1 CONDENSATE WATER SYSTEM,#1 LOW PRESSURE HEATER 5,KALTIM1.SIGNAL.AO.10LCJ50AA101XQ11,0.0,12,0
#1 CONDENSATE WATER SYSTEM,#1 LOW PRESSURE HEATER 5,KALTIM1.SIGNAL.AO.10LCJ50AA102XQ11,0.0,12,0
#1 CONDENSATE WATER SYSTEM,#1 LOW PRESSURE HEATER 6,KALTIM1.SIGNAL.AO.10LCJ60AA101XQ11,0.0,12,0
#1 CONDENSATE WATER SYSTEM,#1 LOW PRESSURE HEATER 6,KALTIM1.SIGNAL.AO.10LCJ60AA102XQ11,0.0,0,12
#1 CONDENSATE WATER SYSTEM,#1 LOW PRESSURE HEATER 7,KALTIM1.SIGNAL.AO.10LCJ70AA101XQ11,0.0,12,0
#1 TURBINE SYSTEM,#1 CONDENSOR,KALTIM1.SIGNAL.AO.10LCR20AA101XQ11,0.0,9,3
#1 TURBINE SYSTEM,#1 GLAND SEAL SYSTEM,KALTIM1.SIGNAL.AO.10MAW35AA101XQ11,0.0,12,0
#1 TURBINE SYSTEM,#1 CONDENSOR,KALTIM1.SIGNAL.AO.10PAB30AA101XQ11,0.0,12,0
#1 TURBINE SYSTEM,#1 CONDENSOR,KALTIM1.SIGNAL.AO.10PAB31AA101XQ11,0.0,12,0
#1 CCCW SYSTEM,#1 EXPANSION TANK,KALTIM1.SIGNAL.AO.10PGB20AA101XQ11,0.0,0,12
#1 LUBRICANT OIL SYSTEM,#1 LUBE OIL COOLER A,KALTIM1.SIGNAL.AO.10PGB50AA101XQ11,0.0,12,0
#1 COAL FEEDING SYSTEM,#1 CFB FAN A,KALTIM1.SIGNAL.RTD.10HFE10CT106,0.0,12,0
#1 COAL FEEDING SYSTEM,#1 CFB FAN A,KALTIM1.SIGNAL.RTD.10HFE10CT107,0.0,12,0
#1 COAL FEEDING SYSTEM,#1 CFB FAN A,KALTIM1.SIGNAL.RTD.10HFE10CT108,0.0,12,0
#1 COAL FEEDING SYSTEM,#1 CFB FAN A,KALTIM1.SIGNAL.RTD.10HFE10CT109,0.0,12,0
#1 COAL FEEDING SYSTEM,#1 CFB FAN A,KALTIM1.SIGNAL.RTD.10HFE10CT110,0.0,12,0
#1 COAL FEEDING SYSTEM,#1 CFB FAN B,KALTIM1.SIGNAL.RTD.10HFE20CT101,0.0,12,0
#1 COAL FEEDING SYSTEM,#1 CFB FAN B,KALTIM1.SIGNAL.RTD.10HFE20CT102,0.0,0,12
#1 COAL FEEDING SYSTEM,#1 CFB FAN B,KALTIM1.SIGNAL.RTD.10HFE20CT106,0.0,12,0
#1 COAL FEEDING SYSTEM,#1 CFB FAN B,KALTIM1.SIGNAL.RTD.10HFE20CT107,0.0,12,0
#1 COAL FEEDING SYSTEM,#1 CFB FAN B,KALTIM1.SIGNAL.RTD.10HFE20CT108,0.0,12,0
#1 COAL FEEDING SYSTEM,#1 CFB FAN B,KALTIM1.SIGNAL.RTD.10HFE20CT109,0.0,12,0
#1 COAL FEEDING SYSTEM,#1 CFB FAN B,KALTIM1.SIGNAL.RTD.10HFE20CT110,0.0,12,0
#1 AIR SYSTEM,#1 AIR HEATER,KALTIM1.SIGNAL.RTD.10HHL01CT101,0.0,12,0
#1 AIR SYSTEM,#1 AIR HEATER,KALTIM1.SIGNAL.RTD.10HHL10CT101,0.0,12,0
#1 FLUE GAS SYSTEM,#1 ID FAN A,KALTIM1.SIGNAL.RTD.10HNA10CT102,0.0,12,0
#1 FLUE GAS SYSTEM,#1 ID FAN A,KALTIM1.SIGNAL.RTD.10HNA10CT103,0.0,12,0
#1 FLUE GAS SYSTEM,#1 ID FAN B,KALTIM1.SIGNAL.RTD.10HNA20CT102,0.0,12,0
#1 FLUE GAS SYSTEM,#1 ID FAN B,KALTIM1.SIGNAL.RTD.10HNA20CT103,0.0,12,0
#1 FEED WATER SYSTEM,#1 HIGH PRESSURE HEATER 2,KALTIM1.SIGNAL.RTD.10LAB51CT102,0.0,12,0
#1 FEED WATER SYSTEM,#1 HIGH PRESSURE HEATER 1,KALTIM1.SIGNAL.RTD.10LAB52CT102,0.0,12,0
#1 BOILER SYSTEM,#1 LTSH,KALTIM1.SIGNAL.RTD.10LAE20CT101,0.0,12,0
#1 CONDENSATE WATER SYSTEM,#1 CONDENSATE PUMP A,KALTIM1.SIGNAL.RTD.10LCA50CT101,0.0,12,0
#1 CONDENSATE WATER SYSTEM,#1 GLAND STEAM CONDENSER,KALTIM1.SIGNAL.RTD.10LCA51CT102,0.0,12,0
#1 CONDENSATE WATER SYSTEM,#1 LOW PRESSURE HEATER 7,KALTIM1.SIGNAL.RTD.10LCA53CT102,0.0,12,0
#1 CONDENSATE WATER SYSTEM,#1 LOW PRESSURE HEATER 6,KALTIM1.SIGNAL.RTD.10LCA54CT102,0.0,12,0
#1 CONDENSATE WATER SYSTEM,#1 LOW PRESSURE HEATER 5,KALTIM1.SIGNAL.RTD.10LCA55CT102,0.0,12,0
#1 CONDENSATE WATER SYSTEM,#1 LOW PRESSURE HEATER 4,KALTIM1.SIGNAL.RTD.10LCA56CT102,0.0,12,0
#1 CONDENSATE WATER SYSTEM,#1 CONDENSATE PUMP A,KALTIM1.SIGNAL.RTD.10LCB30CT101,0.0,12,0
#1 CONDENSATE WATER SYSTEM,#1 CONDENSATE PUMP B,KALTIM1.SIGNAL.RTD.10LCB40CT102,0.0,12,0
#1 CONDENSATE WATER SYSTEM,#1 CONDENSATE PUMP B,KALTIM1.SIGNAL.RTD.10LCB40CT103,0.0,12,0
#1 CONDENSATE WATER SYSTEM,#1 CONDENSATE PUMP B,KALTIM1.SIGNAL.RTD.10LCB40CT104,0.0,12,0
#1 CONDENSATE WATER SYSTEM,#1 CONDENSATE PUMP B,KALTIM1.SIGNAL.RTD.10LCB40CT105,0.0,12,0
#1 CONDENSATE WATER SYSTEM,#1 CONDENSATE PUMP B,KALTIM1.SIGNAL.RTD.10LCB40CT106,0.0,12,0
#1 CONDENSATE WATER SYSTEM,#1 CONDENSATE PUMP B,KALTIM1.SIGNAL.RTD.10LCB40CT107,0.0,12,0
#1 CONDENSATE WATER SYSTEM,#1 CONDENSATE PUMP B,KALTIM1.SIGNAL.RTD.10LCB40CT108,0.0,12,0
#1 CONDENSATE WATER SYSTEM,#1 CONDENSATE PUMP B,KALTIM1.SIGNAL.RTD.10LCB40CT109,0.0,12,0
#1 ASH HANDLING SYSTEM,#1 SLAG COOLER A,KALTIM1.SIGNAL.RTD.10LCE36CT101,1.0,12,0
#1 TURBINE SYSTEM,#1 TURBINE BEARING NO. 1,KALTIM1.SIGNAL.RTD.10MAA51CT153,0.0,12,0
#1 TURBINE SYSTEM,#1 TURBINE BEARING NO. 2,KALTIM1.SIGNAL.RTD.10MAC52CT151,0.0,12,0
#1 TURBINE SYSTEM,#1 TURBINE BEARING NO. 3,KALTIM1.SIGNAL.RTD.10MAC52CT152,0.0,12,0
#1 TURBINE SYSTEM,#1 TURBINE BEARING NO. 4,KALTIM1.SIGNAL.RTD.10MAC53CT151,0.0,12,0
#1 GENERATOR SYSTEM,GENERATOR BEARING NO.5 #1 ,KALTIM1.SIGNAL.RTD.10MAC53CT152,0.0,12,0
#1 LUBRICANT OIL SYSTEM,#1 LUBE OIL COOLER A,KALTIM1.SIGNAL.RTD.10MAV12CT101,0.0,12,0
#1 LUBRICANT OIL SYSTEM,#1 LUBE OIL COOLER A,KALTIM1.SIGNAL.RTD.10MAV12CT102,0.0,12,0
#1 LUBRICANT OIL SYSTEM,#1 LUBE OIL COOLER B,KALTIM1.SIGNAL.RTD.10MAV13CT101,0.0,12,0
#1 LUBRICANT OIL SYSTEM,#1 LUBE OIL COOLER B,KALTIM1.SIGNAL.RTD.10MAV13CT102,0.0,12,0
#1 GENERATOR SYSTEM,#1 GENERATOR,KALTIM1.SIGNAL.RTD.10MKA10CT101,0.0,12,0
#1 GENERATOR SYSTEM,#1 GENERATOR,KALTIM1.SIGNAL.RTD.10MKA10CT102,0.0,12,0
#1 GENERATOR SYSTEM,#1 GENERATOR,KALTIM1.SIGNAL.RTD.10MKA10CT103,0.0,12,0
#1 GENERATOR SYSTEM,#1 GENERATOR,KALTIM1.SIGNAL.RTD.10MKA10CT104,0.0,12,0
#1 GENERATOR SYSTEM,#1 GENERATOR,KALTIM1.SIGNAL.RTD.10MKA10CT105,0.0,12,0
#1 GENERATOR SYSTEM,#1 GENERATOR,KALTIM1.SIGNAL.RTD.10MKA10CT106,0.0,12,0
#1 GENERATOR SYSTEM,#1 GENERATOR,KALTIM1.SIGNAL.RTD.10MKA10CT107,0.0,12,0
#1 GENERATOR SYSTEM,#1 GENERATOR,KALTIM1.SIGNAL.RTD.10MKA10CT108,0.0,12,0
#1 GENERATOR SYSTEM,#1 GENERATOR,KALTIM1.SIGNAL.RTD.10MKA10CT109,0.0,12,0
#1 GENERATOR SYSTEM,#1 GENERATOR,KALTIM1.SIGNAL.RTD.10MKA10CT110,0.0,12,0
#1 GENERATOR SYSTEM,#1 GENERATOR,KALTIM1.SIGNAL.RTD.10MKA10CT111,0.0,12,0
#1 GENERATOR SYSTEM,#1 GENERATOR,KALTIM1.SIGNAL.RTD.10MKA10CT112,0.0,12,0
#1 GENERATOR SYSTEM,#1 GENERATOR,KALTIM1.SIGNAL.RTD.10MKA20CT103,0.0,12,0
#1 GENERATOR SYSTEM,#1 GENERATOR,KALTIM1.SIGNAL.RTD.10MKA20CT104,0.0,12,0
#1 GENERATOR SYSTEM,#1 GENERATOR BEARING NO. 6,KALTIM1.SIGNAL.RTD.10MKD12CT151,0.0,12,0
#1 TURBINE SYSTEM,#1 CONDENSOR,KALTIM1.SIGNAL.RTD.10PAB30CT101,0.0,12,0
#1 TURBINE SYSTEM,#1 CONDENSOR,KALTIM1.SIGNAL.RTD.10PAB31CT101,0.0,0,12
#1 CCCW SYSTEM,#1 HE CCCW A,KALTIM1.SIGNAL.RTD.10PCB10CT101,0.0,12,0
#1 CCCW SYSTEM,#1 HE CCCW A,KALTIM1.SIGNAL.RTD.10PCB20CT101,0.0,12,0
#1 CCCW SYSTEM,#1 HE CCCW B,KALTIM1.SIGNAL.RTD.10PCB20CT102,0.0,12,0
#1 CCCW SYSTEM,#1 HE VACUM PUMP A,KALTIM1.SIGNAL.RTD.10PCB40CT101,0.0,12,0
#1 CCCW SYSTEM,#1 HE VACUM PUMP B,KALTIM1.SIGNAL.RTD.10PCB40CT102,0.0,12,0
#1 LUBRICANT OIL SYSTEM,#1 LUBE OIL COOLER A,KALTIM1.SIGNAL.RTD.10PGB50CT101,0.0,12,0
#1 BOILER SYSTEM,#1 WATERWALL,KALTIM1.SIGNAL.TC.10HAH11CT101,0.0,12,0
#1 BOILER SYSTEM,#1 WATERWALL,KALTIM1.SIGNAL.TC.10HAH11CT102,0.0,12,0
#1 BOILER SYSTEM,#1 WATERWALL,KALTIM1.SIGNAL.TC.10HAH11CT103,0.0,12,0
#1 BOILER SYSTEM,#1 WATERWALL,KALTIM1.SIGNAL.TC.10HAH11CT104,0.0,12,0
#1 BOILER SYSTEM,#1 WATERWALL,KALTIM1.SIGNAL.TC.10HAH11CT105,0.0,12,0
#1 BOILER SYSTEM,#1 WATERWALL,KALTIM1.SIGNAL.TC.10HAH11CT106,0.0,12,0
#1 BOILER SYSTEM,#1 WATERWALL,KALTIM1.SIGNAL.TC.10HAH12CT101,0.0,12,0
#1 BOILER SYSTEM,#1 WATERWALL,KALTIM1.SIGNAL.TC.10HAH12CT102,0.0,12,0
#1 BOILER SYSTEM,#1 WATERWALL,KALTIM1.SIGNAL.TC.10HAH12CT103,0.0,12,0
#1 BOILER SYSTEM,#1 WATERWALL,KALTIM1.SIGNAL.TC.10HAH12CT104,0.0,12,0
#1 BOILER SYSTEM,#1 WATERWALL,KALTIM1.SIGNAL.TC.10HAH12CT105,0.0,12,0
#1 BOILER SYSTEM,#1 WATERWALL,KALTIM1.SIGNAL.TC.10HAH12CT106,0.0,12,0
#1 BOILER SYSTEM,#1 LTSH,KALTIM1.SIGNAL.TC.10HAH21CT101,0.0,12,0
#1 BOILER SYSTEM,#1 LTSH,KALTIM1.SIGNAL.TC.10HAH21CT102,0.0,12,0
#1 BOILER SYSTEM,#1 LTSH,KALTIM1.SIGNAL.TC.10HAH21CT103,0.0,12,0
#1 BOILER SYSTEM,#1 LTSH,KALTIM1.SIGNAL.TC.10HAH22CT101,0.0,12,0
#1 BOILER SYSTEM,#1 LTSH,KALTIM1.SIGNAL.TC.10HAH22CT102,0.0,12,0
#1 BOILER SYSTEM,#1 LTSH,KALTIM1.SIGNAL.TC.10HAH22CT103,0.0,12,0
#1 BOILER SYSTEM,#1 FURNACE,KALTIM1.SIGNAL.TC.10HBK11CT102,0.0,12,0
#1 BOILER SYSTEM,#1 FURNACE,KALTIM1.SIGNAL.TC.10HBK11CT103,0.0,12,0
#1 BOILER SYSTEM,#1 FURNACE,KALTIM1.SIGNAL.TC.10HBK11CT104,0.0,12,0
#1 BOILER SYSTEM,#1 FURNACE,KALTIM1.SIGNAL.TC.10HBK11CT105,0.0,12,0
#1 BOILER SYSTEM,#1 FURNACE,KALTIM1.SIGNAL.TC.10HBK21CT102,0.0,12,0
#1 BOILER SYSTEM,#1 FURNACE,KALTIM1.SIGNAL.TC.10HBK21CT103,0.0,12,0
#1 BOILER SYSTEM,#1 FURNACE,KALTIM1.SIGNAL.TC.10HBK21CT104,0.0,12,0
#1 BOILER SYSTEM,#1 FURNACE,KALTIM1.SIGNAL.TC.10HBK21CT105,0.0,12,0
#1 BOILER SYSTEM,#1 LTSH,KALTIM1.SIGNAL.TC.10HBK31CT102,0.0,12,0
#1 BOILER SYSTEM,#1 LTSH,KALTIM1.SIGNAL.TC.10HBK31CT103,0.0,12,0
#1 BOILER SYSTEM,#1 ECONOMIZER,KALTIM1.SIGNAL.TC.10HBK31CT104,0.0,12,0
#1 AIR SYSTEM,#1 AIR HEATER,KALTIM1.SIGNAL.TC.10HBK31CT105,0.0,12,0
#1 AIR SYSTEM,#1 AIR HEATER,KALTIM1.SIGNAL.TC.10HBK31CT106,0.0,12,0
#1 BOILER SYSTEM,#1 LTSH,KALTIM1.SIGNAL.TC.10HBK41CT102,0.0,12,0
#1 BOILER SYSTEM,#1 LTSH,KALTIM1.SIGNAL.TC.10HBK41CT103,0.0,12,0
#1 BOILER SYSTEM,#1 ECONOMIZER,KALTIM1.SIGNAL.TC.10HBK41CT104,0.0,12,0
#1 AIR SYSTEM,#1 AIR HEATER,KALTIM1.SIGNAL.TC.10HBK41CT105,0.0,12,0
#1 AIR SYSTEM,#1 AIR HEATER,KALTIM1.SIGNAL.TC.10HBK41CT106,0.0,12,0
#1 ASH HANDLING SYSTEM,#1 SLAG COOLER A,KALTIM1.SIGNAL.TC.10HDA10CT101,0.0,12,12
#1 ASH HANDLING SYSTEM,#1 SLAG COOLER B,KALTIM1.SIGNAL.TC.10HDA20CT101,0.0,12,12
#1 ASH HANDLING SYSTEM,#1 SLAG COOLER C,KALTIM1.SIGNAL.TC.10HDA30CT101,0.0,12,10
#1 BOILER SYSTEM,#1 CYCLONE A,KALTIM1.SIGNAL.TC.10HDF11CT103,0.0,12,0
#1 BOILER SYSTEM,#1 CYCLONE B,KALTIM1.SIGNAL.TC.10HDF21CT103,0.0,12,0
#1 BOILER SYSTEM,#1 CYCLONE B,KALTIM1.SIGNAL.TC.10HDF44CT101,0.0,12,0
#1 BOILER SYSTEM,#1 CYCLONE B,KALTIM1.SIGNAL.TC.10HDF44CT102,0.0,12,0
#1 BOILER SYSTEM,#1 CYCLONE B,KALTIM1.SIGNAL.TC.10HDF44CT103,0.0,12,0
#1 BOILER SYSTEM,#1 CYCLONE B,KALTIM1.SIGNAL.TC.10HDF44CT104,0.0,12,0
#1 BOILER SYSTEM,#1 CYCLONE B,KALTIM1.SIGNAL.TC.10HDF44CT105,0.0,12,0
#1 BOILER SYSTEM,#1 CYCLONE B,KALTIM1.SIGNAL.TC.10HDF44CT106,0.0,12,0
#1 BOILER SYSTEM,#1 CYCLONE B,KALTIM1.SIGNAL.TC.10HDF44CT107,0.0,12,0
#1 BOILER SYSTEM,#1 CYCLONE B,KALTIM1.SIGNAL.TC.10HDF44CT108,0.0,12,0
#1 BOILER SYSTEM,#1 CYCLONE B,KALTIM1.SIGNAL.TC.10HDF44CT109,0.0,12,0
#1 BOILER SYSTEM,#1 CYCLONE B,KALTIM1.SIGNAL.TC.10HDF44CT110,0.0,12,0
#1 BOILER SYSTEM,#1 CYCLONE B,KALTIM1.SIGNAL.TC.10HDF44CT111,0.0,12,0
#1 BOILER SYSTEM,#1 CYCLONE B,KALTIM1.SIGNAL.TC.10HDF44CT112,0.0,12,0
#1 BOILER SYSTEM,#1 CYCLONE A,KALTIM1.SIGNAL.TC.10HDF52CT101,0.0,12,0
#1 BOILER SYSTEM,#1 CYCLONE A,KALTIM1.SIGNAL.TC.10HDF52CT102,0.0,12,0
#1 BOILER SYSTEM,#1 CYCLONE A,KALTIM1.SIGNAL.TC.10HDF52CT103,0.0,12,0
#1 BOILER SYSTEM,#1 CYCLONE A,KALTIM1.SIGNAL.TC.10HDF52CT104,0.0,12,0
#1 BOILER SYSTEM,#1 CYCLONE A,KALTIM1.SIGNAL.TC.10HDF52CT105,0.0,12,0
#1 BOILER SYSTEM,#1 CYCLONE A,KALTIM1.SIGNAL.TC.10HDF52CT106,0.0,12,0
#1 BOILER SYSTEM,#1 CYCLONE A,KALTIM1.SIGNAL.TC.10HDF52CT107,0.0,12,0
#1 BOILER SYSTEM,#1 CYCLONE A,KALTIM1.SIGNAL.TC.10HDF52CT108,0.0,12,0
#1 BOILER SYSTEM,#1 CYCLONE A,KALTIM1.SIGNAL.TC.10HDF52CT109,0.0,12,0
#1 BOILER SYSTEM,#1 CYCLONE A,KALTIM1.SIGNAL.TC.10HDF52CT110,0.0,12,0
#1 BOILER SYSTEM,#1 CYCLONE A,KALTIM1.SIGNAL.TC.10HDF52CT111,0.0,12,0
#1 BOILER SYSTEM,#1 CYCLONE A,KALTIM1.SIGNAL.TC.10HDF52CT112,0.0,12,0
#1 BOILER SYSTEM,#1 BURNER A,KALTIM1.SIGNAL.TC.10HJS10CT101,0.0,12,0
#1 BOILER SYSTEM,#1 LOWER BURNER A,KALTIM1.SIGNAL.TC.10HJS20CT101,0.0,12,0
#1 BOILER SYSTEM,#1 ECONOMIZER,KALTIM1.SIGNAL.TC.10LAB50CT104,0.0,12,0
#1 FEED WATER SYSTEM,#1 HIGH PRESSURE HEATER 1,KALTIM1.SIGNAL.TC.10LBQ10CT101,0.0,12,0
#1 FEED WATER SYSTEM,#1 HIGH PRESSURE HEATER 1,KALTIM1.SIGNAL.TC.10LBQ10CT102,0.0,12,0
#1 FEED WATER SYSTEM,#1 HIGH PRESSURE HEATER 2,KALTIM1.SIGNAL.TC.10LBQ20CT101,0.0,12,0
#1 FEED WATER SYSTEM,#1 HIGH PRESSURE HEATER 2,KALTIM1.SIGNAL.TC.10LBQ20CT102,0.0,12,0
#1 FEED WATER SYSTEM,#1 HIGH PRESSURE HEATER 2,KALTIM1.SIGNAL.TC.10LBQ20CT103,0.0,12,0
#1 CONDENSATE WATER SYSTEM,#1 LOW PRESSURE HEATER 4,KALTIM1.SIGNAL.TC.10LBS40CT101,0.0,12,0
#1 CONDENSATE WATER SYSTEM,#1 LOW PRESSURE HEATER 4,KALTIM1.SIGNAL.TC.10LBS40CT102,0.0,12,0
#1 CONDENSATE WATER SYSTEM,#1 LOW PRESSURE HEATER 5,KALTIM1.SIGNAL.TC.10LBS50CT101,0.0,12,0
#1 CONDENSATE WATER SYSTEM,#1 LOW PRESSURE HEATER 5,KALTIM1.SIGNAL.TC.10LBS50CT102,0.0,12,0
#1 CONDENSATE WATER SYSTEM,#1 LOW PRESSURE HEATER 6,KALTIM1.SIGNAL.TC.10LBS60CT101,0.0,12,0
#1 CONDENSATE WATER SYSTEM,#1 LOW PRESSURE HEATER 6,KALTIM1.SIGNAL.TC.10LBS60CT102,0.0,12,0
#1 CONDENSATE WATER SYSTEM,#1 LOW PRESSURE HEATER 7,KALTIM1.SIGNAL.TC.10LBS70CT103,0.0,12,0
#1 CONDENSATE WATER SYSTEM,#1 LOW PRESSURE HEATER 7,KALTIM1.SIGNAL.TC.10LBS70CT106,0.0,12,0
#1 TURBINE SYSTEM,#1  MAIN STEAM VALVE,KALTIM1.SIGNAL.TC.10MAA01CT101,0.0,12,0
#1 TURBINE SYSTEM,#1  MAIN STEAM VALVE,KALTIM1.SIGNAL.TC.10MAA01CT105,0.0,12,0
#1 TURBINE SYSTEM,#1  MAIN STEAM VALVE,KALTIM1.SIGNAL.TC.10MAA01CT106,0.0,12,0
#1 TURBINE SYSTEM,#1  MAIN STEAM VALVE,KALTIM1.SIGNAL.TC.10MAA01CT107,0.0,12,0
#1 TURBINE SYSTEM,#1  MAIN STEAM VALVE,KALTIM1.SIGNAL.TC.10MAA01CT108,0.0,12,0
#1 TURBINE SYSTEM,#1 HP TURBINE,KALTIM1.SIGNAL.TC.10MAA01CT109,0.0,12,0
#1 TURBINE SYSTEM,#1 HP TURBINE,KALTIM1.SIGNAL.TC.10MAA01CT110,0.0,12,0
#1 TURBINE SYSTEM,#1 HP TURBINE,KALTIM1.SIGNAL.TC.10MAA01CT111,0.0,12,0
#1 TURBINE SYSTEM,#1 HP TURBINE,KALTIM1.SIGNAL.TC.10MAA01CT113,0.0,12,0
#1 TURBINE SYSTEM,#1 HP TURBINE,KALTIM1.SIGNAL.TC.10MAA01CT115,0.0,12,0
#1 TURBINE SYSTEM,#1 HP TURBINE,KALTIM1.SIGNAL.TC.10MAA01CT116,0.0,12,0
#1 TURBINE SYSTEM,#1 HP TURBINE,KALTIM1.SIGNAL.TC.10MAA01CT117,0.0,12,0
#1 TURBINE SYSTEM,#1 HP TURBINE,KALTIM1.SIGNAL.TC.10MAA01CT118,0.0,12,0
#1 TURBINE SYSTEM,#1 HP TURBINE,KALTIM1.SIGNAL.TC.10MAA01CT119,0.0,12,0
#1 TURBINE SYSTEM,#1 HP TURBINE,KALTIM1.SIGNAL.TC.10MAA01CT120,0.0,12,0
#1 TURBINE SYSTEM,#1 HP TURBINE,KALTIM1.SIGNAL.TC.10MAA01CT121,0.0,12,0
#1 TURBINE SYSTEM,#1 HP TURBINE,KALTIM1.SIGNAL.TC.10MAA01CT122,0.0,12,0
#1 TURBINE SYSTEM,#1 HP TURBINE,KALTIM1.SIGNAL.TC.10MAA01CT123,11.0,12,0
#1 TURBINE SYSTEM,#1 HP TURBINE,KALTIM1.SIGNAL.TC.10MAA01CT124,0.0,12,0
#1 TURBINE SYSTEM,#1 HP TURBINE,KALTIM1.SIGNAL.TC.10MAA01CT125,0.0,12,0
#1 TURBINE SYSTEM,#1 HP TURBINE,KALTIM1.SIGNAL.TC.10MAA01CT126,0.0,12,0
#1 TURBINE SYSTEM,#1 HP TURBINE,KALTIM1.SIGNAL.TC.10MAA01CT127,0.0,12,0
#1 TURBINE SYSTEM,#1 HP TURBINE,KALTIM1.SIGNAL.TC.10MAA01CT128,0.0,12,0
#1 TURBINE SYSTEM,#1 HP TURBINE,KALTIM1.SIGNAL.TC.10MAA01CT129,0.0,12,0
#1 TURBINE SYSTEM,#1 LP TURBINE,KALTIM1.SIGNAL.TC.10MAC01CT101,0.0,12,0
#1 TURBINE SYSTEM,#1 LP TURBINE,KALTIM1.SIGNAL.TC.10MAC01CT102,0.0,12,0
#1 CONDENSATE WATER SYSTEM,#1 GLAND STEAM CONDENSER,KALTIM1.SIGNAL.TC.10MAW10CT101,0.0,12,0
#1 TURBINE SYSTEM,#1 GLAND SEAL SYSTEM,KALTIM1.SIGNAL.TC.10MAW31CT101,0.0,12,0
